日付,銘柄,名称,方向,始値,終値,数量,損益(円),OC騰落率(%),備考
2026-06-05,1617.T,食品,★ LONG,44010.0,44740.0,4,2920,1.659,仮想(板)
2026-06-05,1627.T,電力・ガス,★ LONG,11365.0,11340.0,17,-425,-0.22,仮想(板)
2026-06-05,1630.T,小売,★ LONG,36230.0,36780.0,5,2750,1.518,仮想(板)
2026-06-05,1621.T,医薬品,★ LONG,28530.0,28870.0,7,2380,1.192,仮想(板)
2026-06-05,1626.T,情報通信・サービス,★ LONG,42550.0,43750.0,4,4800,2.82,仮想(板)
2026-06-05,1619.T,建設・資材,▼ SHORT,46980.0,46690.0,4,1160,-0.617,仮想(板)
2026-06-05,1618.T,エネルギー資源,▼ SHORT,33310.0,33540.0,6,-1380,0.69,仮想(板)
2026-06-05,1631.T,銀行,▼ SHORT,36670.0,36870.0,5,-1000,0.545,仮想(板)
2026-06-08,1617.T,食品,★ LONG,,44740.0,,,,価格取得不可
2026-06-08,1627.T,電力・ガス,★ LONG,11470.0,11305.0,17,-2805,-1.439,仮想(板)
2026-06-08,1630.T,小売,★ LONG,37180.0,36360.0,5,-4100,-2.205,仮想(板)
2026-06-08,1621.T,医薬品,★ LONG,28990.0,28420.0,6,-3420,-1.966,仮想(板)
2026-06-08,1628.T,運輸・物流,★ LONG,20795.0,20750.0,9,-405,-0.216,仮想(板)
2026-06-08,1618.T,エネルギー資源,▼ SHORT,33240.0,33360.0,6,-720,0.361,仮想(板)
2026-06-08,1631.T,銀行,▼ SHORT,,37280.0,,,,価格取得不可
2026-06-08,1625.T,電機・精密,▼ SHORT,4918.0,5033.0,40,-4600,2.338,仮想(板)
2026-06-09,1625.T,電機・精密,★ LONG,4933.0,4873.0,40,-2400,-1.216,仮想(板)
2026-06-09,1631.T,銀行,★ LONG,37750.0,37200.0,5,-2750,-1.457,仮想(板)
2026-06-09,1618.T,エネルギー資源,★ LONG,32660.0,32130.0,6,-3180,-1.623,仮想(板)
2026-06-09,1623.T,鉄鋼・非鉄,★ LONG,64560.0,62250.0,3,-6930,-3.578,仮想(板)
2026-06-09,1628.T,運輸・物流,▼ SHORT,20750.0,20690.0,9,540,-0.289,仮想(板)
2026-06-09,1621.T,医薬品,▼ SHORT,28130.0,28535.0,7,-2835,1.44,仮想(板)
2026-06-09,1630.T,小売,▼ SHORT,36170.0,37320.0,5,-5750,3.179,仮想(板)
2026-06-09,1627.T,電力・ガス,▼ SHORT,11240.0,11390.0,17,-2550,1.335,仮想(板)
2026-06-10,1617.T,食品,★ LONG,45520.0,46100.0,4,2320,1.274,仮想(板)
2026-06-10,1627.T,電力・ガス,★ LONG,11480.0,11450.0,17,-510,-0.261,仮想(板)
2026-06-10,1630.T,小売,★ LONG,37320.0,36960.0,5,-1800,-0.965,仮想(板)
2026-06-10,1621.T,医薬品,★ LONG,28510.0,28145.0,7,-2555,-1.28,仮想(板)
2026-06-10,1628.T,運輸・物流,★ LONG,20690.0,20740.0,9,450,0.242,仮想(板)
2026-06-10,1618.T,エネルギー資源,▼ SHORT,32720.0,32910.0,6,-1140,0.581,仮想(板)
2026-06-10,1631.T,銀行,▼ SHORT,36380.0,36740.0,5,-1800,0.99,仮想(板)
2026-06-10,1625.T,電機・精密,▼ SHORT,4673.0,4987.0,42,-13188,6.719,仮想(板)
2026-06-11,1625.T,電機・精密,★ LONG,,4987.0,,,,価格取得不可
2026-06-11,1631.T,銀行,★ LONG,,36740.0,,,,価格取得不可
2026-06-11,1619.T,建設・資材,★ LONG,48020.0,47670.0,4,-1400,-0.729,仮想(板)
2026-06-11,1620.T,素材・化学,★ LONG,37510.0,37890.0,5,1900,1.013,仮想(板)
2026-06-11,1626.T,情報通信・サービス,▼ SHORT,43850.0,42980.0,4,3480,-1.984,仮想(板)
2026-06-11,1621.T,医薬品,▼ SHORT,28540.0,28570.0,7,-210,0.105,仮想(板)
2026-06-11,1630.T,小売,▼ SHORT,37160.0,37430.0,5,-1350,0.727,仮想(板)
2026-06-11,1627.T,電力・ガス,▼ SHORT,11460.0,11465.0,17,-85,0.044,仮想(板)
2026-06-15,1617.T,食品,★ LONG,45050.0,45410.0,4,1440,0.799,仮想(板)
2026-06-15,1630.T,小売,★ LONG,37310.0,37090.0,5,-1100,-0.59,仮想(板)
2026-06-15,1621.T,医薬品,★ LONG,28645.0,28600.0,6,-270,-0.157,仮想(板)
2026-06-15,1627.T,電力・ガス,★ LONG,,11400.0,,,,価格取得不可
2026-06-15,1628.T,運輸・物流,★ LONG,20510.0,20585.0,9,675,0.366,仮想(板)
2026-06-15,1631.T,銀行,▼ SHORT,,37890.0,,,,価格取得不可
2026-06-15,1618.T,エネルギー資源,▼ SHORT,32450.0,32260.0,6,1140,-0.586,仮想(板)
2026-06-15,1625.T,電機・精密,▼ SHORT,,5863.0,,,,価格取得不可
2026-06-16,1625.T,電機・精密,★ LONG,,5959.0,,,,価格取得不可
2026-06-16,1618.T,エネルギー資源,★ LONG,32080.0,32410.0,6,1980,1.029,仮想(板)
2026-06-16,1631.T,銀行,★ LONG,38300.0,38160.0,5,-700,-0.366,仮想(板)
2026-06-16,1623.T,鉄鋼・非鉄,★ LONG,,70500.0,,,,価格取得不可
2026-06-16,1628.T,運輸・物流,▼ SHORT,20690.0,20345.0,9,3105,-1.667,仮想(板)
2026-06-16,1627.T,電力・ガス,▼ SHORT,,11395.0,,,,価格取得不可
2026-06-16,1621.T,医薬品,▼ SHORT,28540.0,28775.0,7,-1645,0.823,仮想(板)
2026-06-16,1630.T,小売,▼ SHORT,36980.0,37570.0,5,-2950,1.595,仮想(板)
2026-06-17,1618.T,エネルギー資源,★ LONG,32330.0,32320.0,6,-60,-0.031,仮想(板)
2026-06-17,1625.T,電機・精密,★ LONG,6048.0,6091.0,33,1419,0.711,仮想(板)
2026-06-17,1631.T,銀行,★ LONG,38500.0,39370.0,5,4350,2.26,仮想(板)
2026-06-17,1626.T,情報通信・サービス,★ LONG,43590.0,43990.0,4,1600,0.918,仮想(板)
2026-06-17,1619.T,建設・資材,▼ SHORT,50330.0,50850.0,3,-1560,1.033,仮想(板)
2026-06-17,1627.T,電力・ガス,▼ SHORT,11300.0,11430.0,17,-2210,1.15,仮想(板)
2026-06-17,1630.T,小売,▼ SHORT,37400.0,37430.0,5,-150,0.08,仮想(板)
2026-06-17,1621.T,医薬品,▼ SHORT,28860.0,29295.0,6,-2610,1.507,仮想(板)
2026-06-18,1617.T,食品,★ LONG,46350.0,46320.0,4,-120,-0.065,仮想(板)
2026-06-18,1630.T,小売,★ LONG,37510.0,37070.0,5,-2200,-1.173,仮想(板)
2026-06-18,1621.T,医薬品,★ LONG,28930.0,28415.0,6,-3090,-1.78,仮想(板)
2026-06-18,1627.T,電力・ガス,★ LONG,,11355.0,,,,価格取得不可
2026-06-18,1628.T,運輸・物流,★ LONG,,20230.0,,,,価格取得不可
2026-06-18,1631.T,銀行,▼ SHORT,39370.0,38380.0,5,4950,-2.515,仮想(板)
2026-06-18,1618.T,エネルギー資源,▼ SHORT,,32950.0,,,,価格取得不可
2026-06-18,1625.T,電機・精密,▼ SHORT,,6299.0,,,,価格取得不可
2026-06-19,1625.T,電機・精密,★ LONG,6348.0,6549.0,31,6231,3.166,仮想(板)
2026-06-19,1618.T,エネルギー資源,★ LONG,32800.0,32520.0,6,-1680,-0.854,仮想(板)
2026-06-19,1631.T,銀行,★ LONG,38380.0,38800.0,5,2100,1.094,仮想(板)
2026-06-19,1626.T,情報通信・サービス,★ LONG,43590.0,43500.0,4,-360,-0.206,仮想(板)
2026-06-19,1628.T,運輸・物流,▼ SHORT,20130.0,20070.0,9,540,-0.298,仮想(板)
2026-06-19,1630.T,小売,▼ SHORT,37200.0,36820.0,5,1900,-1.022,仮想(板)
2026-06-19,1627.T,電力・ガス,▼ SHORT,11440.0,11375.0,17,1105,-0.568,仮想(板)
2026-06-19,1621.T,医薬品,▼ SHORT,28640.0,28835.0,6,-1170,0.681,仮想(板)
2026-06-22,1625.T,電機・精密,★ LONG,6666.0,5929.0,30,-22110,-11.056,仮想(板)
2026-06-22,1618.T,エネルギー資源,★ LONG,32700.0,32250.0,6,-2700,-1.376,仮想(板)
2026-06-22,1631.T,銀行,★ LONG,39390.0,37680.0,5,-8550,-4.341,仮想(板)
2026-06-22,1626.T,情報通信・サービス,★ LONG,43420.0,42410.0,4,-4040,-2.326,仮想(板)
2026-06-22,1628.T,運輸・物流,▼ SHORT,20240.0,20325.0,9,-765,0.42,仮想(板)
2026-06-22,1630.T,小売,▼ SHORT,36510.0,36910.0,5,-2000,1.096,仮想(板)
2026-06-22,1627.T,電力・ガス,▼ SHORT,11420.0,11270.0,17,2550,-1.313,仮想(板)
2026-06-22,1621.T,医薬品,▼ SHORT,28910.0,28810.0,6,600,-0.346,仮想(板)
2026-06-23,1617.T,食品,★ LONG,46520.0,46040.0,4,-1920,-1.032,仮想(板)
2026-06-23,1621.T,医薬品,★ LONG,29020.0,29060.0,6,240,0.138,仮想(板)
2026-06-23,1630.T,小売,★ LONG,37260.0,37050.0,5,-1050,-0.564,仮想(板)
2026-06-23,1627.T,電力・ガス,★ LONG,11320.0,11285.0,17,-595,-0.309,仮想(板)
2026-06-23,1628.T,運輸・物流,★ LONG,20390.0,20255.0,9,-1215,-0.662,仮想(板)
2026-06-23,1624.T,機械,▼ SHORT,88800.0,89230.0,2,-860,0.484,仮想(板)
2026-06-23,1631.T,銀行,▼ SHORT,38370.0,37500.0,5,4350,-2.267,仮想(板)
2026-06-23,1618.T,エネルギー資源,▼ SHORT,32120.0,31770.0,6,2100,-1.09,仮想(板)
2026-06-23,1625.T,電機・精密,▼ SHORT,5944.0,5871.0,33,2409,-1.228,仮想(板)
2026-06-24,1617.T,食品,★ LONG,46740.0,46780.0,4,160,0.086,仮想(板)
2026-06-24,1621.T,医薬品,★ LONG,29460.0,29130.0,6,-1980,-1.12,仮想(板)
2026-06-24,1630.T,小売,★ LONG,37410.0,37480.0,5,350,0.187,仮想(板)
2026-06-24,1627.T,電力・ガス,★ LONG,11385.0,11335.0,17,-850,-0.439,仮想(板)
2026-06-24,1628.T,運輸・物流,★ LONG,20475.0,20145.0,9,-2970,-1.612,仮想(板)
2026-06-24,1624.T,機械,▼ SHORT,90680.0,90000.0,2,1360,-0.75,仮想(板)
2026-06-24,1631.T,銀行,▼ SHORT,37770.0,37570.0,5,1000,-0.53,仮想(板)
2026-06-24,1618.T,エネルギー資源,▼ SHORT,32460.0,31060.0,6,8400,-4.313,仮想(板)
2026-06-24,1625.T,電機・精密,▼ SHORT,6465.0,6380.0,30,2550,-1.315,仮想(板)
2026-06-25,1621.T,医薬品,★ LONG,28965.0,29070.0,6,630,0.363,仮想(板)
2026-06-25,1617.T,食品,★ LONG,46650.0,47460.0,4,3240,1.736,仮想(板)
2026-06-25,1627.T,電力・ガス,★ LONG,11285.0,11280.0,17,-85,-0.044,仮想(板)
2026-06-25,1630.T,小売,★ LONG,37730.0,37760.0,5,150,0.08,仮想(板)
2026-06-25,1619.T,建設・資材,★ LONG,49640.0,50140.0,4,2000,1.007,仮想(板)
2026-06-25,1626.T,情報通信・サービス,▼ SHORT,42630.0,42100.0,4,2120,-1.243,仮想(板)
2026-06-25,1631.T,銀行,▼ SHORT,37480.0,37630.0,5,-750,0.4,仮想(板)
2026-06-25,1625.T,電機・精密,▼ SHORT,6181.0,5881.0,32,9600,-4.854,仮想(板)
2026-06-25,1618.T,エネルギー資源,▼ SHORT,31090.0,31330.0,6,-1440,0.772,仮想(板)
2026-06-26,1617.T,食品,★ LONG,48160.0,47780.0,4,-1520,-0.789,仮想(板)
2026-06-26,1621.T,医薬品,★ LONG,29480.0,29600.0,6,720,0.407,仮想(板)
2026-06-26,1627.T,電力・ガス,★ LONG,11330.0,11430.0,17,1700,0.883,仮想(板)
2026-06-26,1630.T,小売,★ LONG,38150.0,38400.0,5,1250,0.655,仮想(板)
2026-06-26,1628.T,運輸・物流,★ LONG,20505.0,20615.0,9,990,0.536,仮想(板)
2026-06-26,1624.T,機械,▼ SHORT,88340.0,89000.0,2,-1320,0.747,仮想(板)
2026-06-26,1631.T,銀行,▼ SHORT,38130.0,37620.0,5,2550,-1.338,仮想(板)
2026-06-26,1618.T,エネルギー資源,▼ SHORT,30630.0,31660.0,6,-6180,3.363,仮想(板)
2026-06-26,1625.T,電機・精密,▼ SHORT,5940.0,5810.0,33,4290,-2.189,仮想(板)
2026-06-29,1617.T,食品,★ LONG,47790.0,47980.0,4,760,0.398,仮想(板)
2026-06-29,1621.T,医薬品,★ LONG,29565.0,29485.0,6,-480,-0.271,仮想(板)
2026-06-29,1630.T,小売,★ LONG,38650.0,37880.0,5,-3850,-1.992,仮想(板)
2026-06-29,1627.T,電力・ガス,★ LONG,11435.0,11415.0,17,-340,-0.175,仮想(板)
2026-06-29,1628.T,運輸・物流,★ LONG,20615.0,20550.0,9,-585,-0.315,仮想(板)
2026-06-29,1624.T,機械,▼ SHORT,89130.0,89230.0,2,-200,0.112,仮想(板)
2026-06-29,1631.T,銀行,▼ SHORT,37800.0,37550.0,5,1250,-0.661,仮想(板)
2026-06-29,1618.T,エネルギー資源,▼ SHORT,31350.0,31070.0,6,1680,-0.893,仮想(板)
2026-06-29,1625.T,電機・精密,▼ SHORT,5910.0,5932.0,33,-726,0.372,仮想(板)
2026-06-30,1625.T,電機・精密,★ LONG,6130.0,5974.0,32,-4992,-2.545,仮想(板)
2026-06-30,1618.T,エネルギー資源,★ LONG,31300.0,31120.0,6,-1080,-0.575,仮想(板)
2026-06-30,1631.T,銀行,★ LONG,37680.0,37890.0,5,1050,0.557,仮想(板)
2026-06-30,1626.T,情報通信・サービス,★ LONG,42710.0,42580.0,4,-520,-0.304,仮想(板)
2026-06-30,1628.T,運輸・物流,▼ SHORT,20425.0,20175.0,9,2250,-1.224,仮想(板)
2026-06-30,1630.T,小売,▼ SHORT,37610.0,37450.0,5,800,-0.425,仮想(板)
2026-06-30,1627.T,電力・ガス,▼ SHORT,11245.0,11210.0,17,595,-0.311,仮想(板)
2026-06-30,1621.T,医薬品,▼ SHORT,28985.0,29110.0,6,-750,0.431,仮想(板)
2026-07-01,1625.T,電機・精密,★ LONG,5574.0,5473.0,35,-3535,-1.812,仮想(板)
2026-07-01,1618.T,エネルギー資源,★ LONG,31060.0,31360.0,6,1800,0.966,仮想(板)
2026-07-01,1631.T,銀行,★ LONG,38480.0,38740.0,5,1300,0.676,仮想(板)
2026-07-01,1623.T,鉄鋼・非鉄,★ LONG,67810.0,66430.0,2,-2760,-2.035,仮想(板)
2026-07-01,1628.T,運輸・物流,▼ SHORT,20325.0,20675.0,9,-3150,1.722,仮想(板)
2026-07-01,1627.T,電力・ガス,▼ SHORT,11335.0,11335.0,17,0,0.0,仮想(板)
2026-07-01,1621.T,医薬品,▼ SHORT,29390.0,29915.0,6,-3150,1.786,仮想(板)
2026-07-01,1630.T,小売,▼ SHORT,37250.0,37780.0,5,-2650,1.423,仮想(板)
2026-07-02,1621.T,医薬品,★ LONG,30420.0,30220.0,6,-1200,-0.657,仮想(板)
2026-07-02,1627.T,電力・ガス,★ LONG,11400.0,11415.0,17,255,0.132,仮想(板)
2026-07-02,1617.T,食品,★ LONG,48620.0,48120.0,4,-2000,-1.028,仮想(板)
2026-07-02,1628.T,運輸・物流,★ LONG,20915.0,20715.0,9,-1800,-0.956,仮想(板)
2026-07-02,1619.T,建設・資材,★ LONG,51010.0,51390.0,3,1140,0.745,仮想(板)
2026-07-02,1631.T,銀行,▼ SHORT,39040.0,39340.0,5,-1500,0.768,仮想(板)
2026-07-02,1632.T,金融（除く銀行）,▼ SHORT,42220.0,42350.0,4,-520,0.308,仮想(板)
2026-07-02,1625.T,電機・精密,▼ SHORT,5086.0,5710.0,39,-24336,12.269,仮想(板)
2026-07-02,1626.T,情報通信・サービス,▼ SHORT,43950.0,44030.0,4,-320,0.182,仮想(板)
2026-07-03,1625.T,電機・精密,★ LONG,5773.0,5611.0,34,-5508,-2.806,仮想(板)
2026-07-03,1618.T,エネルギー資源,★ LONG,31760.0,32500.0,6,4440,2.33,仮想(板)
2026-07-03,1631.T,銀行,★ LONG,39420.0,39840.0,5,2100,1.065,仮想(板)
2026-07-03,1624.T,機械,★ LONG,92270.0,94000.0,2,3460,1.875,仮想(板)
2026-07-03,1628.T,運輸・物流,▼ SHORT,21000.0,21420.0,9,-3780,2.0,仮想(板)
2026-07-03,1630.T,小売,▼ SHORT,38610.0,38940.0,5,-1650,0.855,仮想(板)
2026-07-03,1627.T,電力・ガス,▼ SHORT,11530.0,11625.0,17,-1615,0.824,仮想(板)
2026-07-03,1621.T,医薬品,▼ SHORT,30540.0,30840.0,6,-1800,0.982,仮想(板)
2026-07-06,1625.T,電機・精密,★ LONG,5483.0,5258.0,36,-8100,-4.104,仮想(板)
2026-07-06,1618.T,エネルギー資源,★ LONG,32560.0,32580.0,6,120,0.061,仮想(板)
2026-07-06,1631.T,銀行,★ LONG,40290.0,40230.0,4,-240,-0.149,仮想(板)
2026-07-06,1624.T,機械,★ LONG,93950.0,94070.0,2,240,0.128,仮想(板)
2026-07-06,1628.T,運輸・物流,▼ SHORT,21335.0,21475.0,9,-1260,0.656,仮想(板)
2026-07-06,1627.T,電力・ガス,▼ SHORT,11625.0,11570.0,17,935,-0.473,仮想(板)
2026-07-06,1630.T,小売,▼ SHORT,39010.0,39660.0,5,-3250,1.666,仮想(板)
2026-07-06,1621.T,医薬品,▼ SHORT,30650.0,30590.0,6,360,-0.196,仮想(板)
2026-07-07,1621.T,医薬品,★ LONG,30690.0,30360.0,6,-1980,-1.075,仮想(板)
2026-07-07,1627.T,電力・ガス,★ LONG,11505.0,11650.0,17,2465,1.26,仮想(板)
2026-07-07,1617.T,食品,★ LONG,48510.0,49090.0,4,2320,1.196,仮想(板)
2026-07-07,1628.T,運輸・物流,★ LONG,21420.0,21425.0,9,45,0.023,仮想(板)
2026-07-07,1630.T,小売,★ LONG,39500.0,39430.0,5,-350,-0.177,仮想(板)
2026-07-07,1618.T,エネルギー資源,▼ SHORT,32340.0,32400.0,6,-360,0.186,仮想(板)
2026-07-07,1626.T,情報通信・サービス,▼ SHORT,43610.0,44450.0,4,-3360,1.926,仮想(板)
2026-07-07,1631.T,銀行,▼ SHORT,40230.0,40470.0,4,-960,0.597,仮想(板)
2026-07-07,1625.T,電機・精密,▼ SHORT,5058.0,5119.0,39,-2379,1.206,仮想(板)
2026-07-08,1630.T,小売,★ LONG,39330.0,39010.0,5,-1600,-0.814,仮想(板)
2026-07-08,1617.T,食品,★ LONG,49100.0,48550.0,4,-2200,-1.12,仮想(板)
2026-07-08,1627.T,電力・ガス,★ LONG,11625.0,11595.0,17,-510,-0.258,仮想(板)
2026-07-08,1621.T,医薬品,★ LONG,30110.0,30060.0,6,-300,-0.166,仮想(板)
2026-07-08,1633.T,不動産,★ LONG,1981.0,1977.0,100,-400,-0.202,仮想(板)
2026-07-08,1624.T,機械,▼ SHORT,89270.0,89270.0,2,0,0.0,仮想(板)
2026-07-08,1631.T,銀行,▼ SHORT,39990.0,40130.0,5,-700,0.35,仮想(板)
2026-07-08,1618.T,エネルギー資源,▼ SHORT,33060.0,32620.0,6,2640,-1.331,仮想(板)
2026-07-08,1625.T,電機・精密,▼ SHORT,5340.0,5428.0,37,-3256,1.648,仮想(板)
2026-07-09,1625.T,電機・精密,★ LONG,5612.0,5490.0,35,-4270,-2.174,仮想(板)
2026-07-09,1618.T,エネルギー資源,★ LONG,32700.0,32590.0,6,-660,-0.336,仮想(板)
2026-07-09,1631.T,銀行,★ LONG,40550.0,40430.0,4,-480,-0.296,仮想(板)
2026-07-09,1624.T,機械,★ LONG,89000.0,89910.0,2,1820,1.022,仮想(板)
2026-07-09,1628.T,運輸・物流,▼ SHORT,21365.0,21125.0,9,2160,-1.123,仮想(板)
2026-07-09,1621.T,医薬品,▼ SHORT,30110.0,30050.0,6,360,-0.199,仮想(板)
2026-07-09,1627.T,電力・ガス,▼ SHORT,11555.0,11460.0,17,1615,-0.822,仮想(板)
2026-07-09,1630.T,小売,▼ SHORT,39010.0,38100.0,5,4550,-2.333,仮想(板)
2026-07-10,1625.T,電機・精密,★ LONG,5453.0,5125.0,36,-11808,-6.015,仮想(板)
2026-07-10,1618.T,エネルギー資源,★ LONG,32780.0,32570.0,6,-1260,-0.641,仮想(板)
2026-07-10,1631.T,銀行,★ LONG,40670.0,40950.0,4,1120,0.688,仮想(板)
2026-07-10,1624.T,機械,★ LONG,90190.0,88280.0,2,-3820,-2.118,仮想(板)
2026-07-10,1632.T,金融（除く銀行）,▼ SHORT,42640.0,42570.0,4,280,-0.164,仮想(板)
2026-07-10,1621.T,医薬品,▼ SHORT,30030.0,29675.0,6,2130,-1.182,仮想(板)
2026-07-10,1627.T,電力・ガス,▼ SHORT,11460.0,11220.0,17,4080,-2.094,仮想(板)
2026-07-10,1630.T,小売,▼ SHORT,38250.0,38460.0,5,-1050,0.549,仮想(板)
2026-07-13,1625.T,電機・精密,★ LONG,,,,,,価格取得不可
2026-07-13,1629.T,商社・卸売,★ LONG,,,,,,価格取得不可
2026-07-13,1618.T,エネルギー資源,★ LONG,32130.0,32010.0,6,-720,-0.373,仮想(板)
2026-07-13,1631.T,銀行,★ LONG,40610.0,40700.0,4,360,0.222,仮想(板)
2026-07-13,1624.T,機械,★ LONG,86570.0,87660.0,2,2180,1.259,仮想(板)
2026-07-13,1628.T,運輸・物流,▼ SHORT,20870.0,20915.0,9,-405,0.216,仮想(板)
2026-07-13,1621.T,医薬品,▼ SHORT,29160.0,29190.0,6,-180,0.103,仮想(板)
2026-07-13,1627.T,電力・ガス,▼ SHORT,11135.0,11295.0,17,-2720,1.437,仮想(板)
2026-07-13,1630.T,小売,▼ SHORT,37920.0,37930.0,5,-50,0.026,仮想(板)
2026-07-14,1625.T,電機・精密,★ LONG,5345.0,5427.0,37,3034,1.534,仮想(板)
2026-07-14,1618.T,エネルギー資源,★ LONG,32710.0,32490.0,6,-1320,-0.673,仮想(板)
2026-07-14,1631.T,銀行,★ LONG,40910.0,41430.0,4,2080,1.271,仮想(板)
2026-07-14,1623.T,鉄鋼・非鉄,★ LONG,62900.0,64190.0,3,3870,2.051,仮想(板)
2026-07-14,1628.T,運輸・物流,▼ SHORT,20960.0,21030.0,9,-630,0.334,仮想(板)
2026-07-14,1627.T,電力・ガス,▼ SHORT,11330.0,11430.0,17,-1700,0.883,仮想(板)
2026-07-14,1621.T,医薬品,▼ SHORT,28935.0,28915.0,6,120,-0.069,仮想(板)
2026-07-14,1630.T,小売,▼ SHORT,37900.0,37560.0,5,1700,-0.897,仮想(板)
2026-07-15,1625.T,電機・精密,★ LONG,5227.0,5004.0,38,-8474,-4.266,仮想(yf)
2026-07-15,1618.T,エネルギー資源,★ LONG,32430.0,32150.0,6,-1680,-0.863,仮想(yf)
2026-07-15,1631.T,銀行,★ LONG,41400.0,40730.0,4,-2680,-1.618,仮想(yf)
2026-07-15,1624.T,機械,★ LONG,88350.0,87500.0,2,-1700,-0.962,仮想(yf)
2026-07-15,1628.T,運輸・物流,▼ SHORT,21005.0,20960.0,9,405,-0.214,仮想(yf)
2026-07-15,1627.T,電力・ガス,▼ SHORT,11310.0,11370.0,17,-1020,0.531,仮想(yf)
2026-07-15,1621.T,医薬品,▼ SHORT,28550.0,29170.0,7,-4340,2.172,仮想(yf)
2026-07-15,1630.T,小売,▼ SHORT,37490.0,38030.0,5,-2700,1.44,仮想(yf)
2026-07-16,1617.T,食品,★ LONG,46730.0,46960.0,4,920,0.492,仮想(板)
2026-07-16,1621.T,医薬品,★ LONG,29520.0,29480.0,6,-240,-0.136,仮想(板)
2026-07-16,1630.T,小売,★ LONG,38160.0,38220.0,5,300,0.157,仮想(板)
2026-07-16,1627.T,電力・ガス,★ LONG,11310.0,11075.0,17,-3995,-2.078,仮想(板)
2026-07-16,1628.T,運輸・物流,★ LONG,20980.0,21160.0,9,1620,0.858,仮想(板)
2026-07-16,1626.T,情報通信・サービス,▼ SHORT,43950.0,43680.0,4,1080,-0.614,仮想(板)
2026-07-16,1631.T,銀行,▼ SHORT,40620.0,38800.0,4,7280,-4.481,仮想(板)
2026-07-16,1618.T,エネルギー資源,▼ SHORT,32000.0,31670.0,6,1980,-1.031,仮想(板)
2026-07-16,1625.T,電機・精密,▼ SHORT,4624.0,4475.0,43,6407,-3.222,仮想(板)
2026-07-20,1625.T,電機・精密,★ LONG,4545.0,4812.0,44,11748,5.875,仮想(yf)
2026-07-20,1618.T,エネルギー資源,★ LONG,32370.0,33120.0,6,4500,2.317,仮想(yf)
2026-07-20,1631.T,銀行,★ LONG,39270.0,40200.0,5,4650,2.368,仮想(yf)
2026-07-20,1626.T,情報通信・サービス,★ LONG,44060.0,44400.0,4,1360,0.772,仮想(yf)
2026-07-20,1628.T,運輸・物流,▼ SHORT,21305.0,21255.0,9,450,-0.235,仮想(yf)
2026-07-20,1627.T,電力・ガス,▼ SHORT,11320.0,11470.0,17,-2550,1.325,仮想(yf)
2026-07-20,1630.T,小売,▼ SHORT,38220.0,38250.0,5,-150,0.078,仮想(yf)
2026-07-20,1621.T,医薬品,▼ SHORT,29785.0,29545.0,6,1440,-0.806,仮想(yf)
