日付,Ticker,名称,方向,始値,終値,OC騰落率(%),配分金額(円),損益(円),スリッページ(円),備考
2026-05-21,1617.T,食品,★ LONG,46070.0,45490.0,-1.259,60000.0,-755.0,,
2026-05-21,1621.T,医薬品,★ LONG,30550.0,30220.0,-1.08,60000.0,-648.0,,
2026-05-21,1630.T,小売,★ LONG,36440.0,36400.0,-0.11,60000.0,-66.0,,
2026-05-21,1627.T,電力・ガス,★ LONG,11810.0,11565.0,-2.075,60000.0,-1245.0,,
2026-05-21,1628.T,運輸・物流,★ LONG,21100.0,20845.0,-1.209,60000.0,-725.0,,
2026-05-21,1624.T,機械,▼ SHORT,85870.0,87520.0,1.922,60000.0,-1153.0,,
2026-05-21,1631.T,銀行,▼ SHORT,36310.0,36370.0,0.165,60000.0,-99.0,,
2026-05-21,1618.T,エネルギー資源,▼ SHORT,34730.0,34840.0,0.317,60000.0,-190.0,,
2026-05-21,200A.T,電機・精密,▼ SHORT,4447.0,4410.0,-0.832,60000.0,499.0,,
2026-05-21,8058.T,商社・卸売,▼ SHORT,5411.0,5432.0,0.388,60000.0,-233.0,,
2026-05-22,1617.T,食品,★ LONG,45990.0,45470.0,-1.131,60000.0,-678.0,,
2026-05-22,1621.T,医薬品,★ LONG,30570.0,30310.0,-0.851,60000.0,-510.0,,
2026-05-22,1630.T,小売,★ LONG,36480.0,35980.0,-1.371,60000.0,-822.0,,
2026-05-22,1627.T,電力・ガス,★ LONG,11575.0,11600.0,0.216,60000.0,130.0,,
2026-05-22,1619.T,建設・資材,★ LONG,47590.0,48580.0,2.08,60000.0,1248.0,,
2026-05-22,1624.T,機械,▼ SHORT,89020.0,87980.0,-1.168,60000.0,701.0,,
2026-05-22,1631.T,銀行,▼ SHORT,36170.0,36100.0,-0.194,60000.0,116.0,,
2026-05-22,200A.T,電機・精密,▼ SHORT,4535.0,4772.0,5.226,60000.0,-3136.0,,
2026-05-22,8058.T,商社・卸売,▼ SHORT,5400.0,5320.0,-1.481,60000.0,889.0,,
2026-05-22,1618.T,エネルギー資源,▼ SHORT,34600.0,34050.0,-1.59,60000.0,954.0,,
2026-05-26,1627.T,電力・ガス,★ LONG,11505.0,11675.0,1.478,60000.0,887.0,,
2026-05-26,1617.T,食品,★ LONG,45550.0,45360.0,-0.417,60000.0,-250.0,,
2026-05-26,1621.T,医薬品,★ LONG,29620.0,29920.0,1.013,60000.0,608.0,,
2026-05-26,1630.T,小売,★ LONG,35740.0,36070.0,0.923,60000.0,554.0,,
2026-05-26,1628.T,運輸・物流,★ LONG,20630.0,20555.0,-0.364,60000.0,-218.0,,
2026-05-26,1343.T,不動産,▼ SHORT,1934.5,1937.0,0.129,60000.0,-78.0,,
2026-05-26,1619.T,建設・資材,▼ SHORT,49400.0,48470.0,-1.883,60000.0,1130.0,,
2026-05-26,1618.T,エネルギー資源,▼ SHORT,33670.0,34190.0,1.544,60000.0,-927.0,,
2026-05-26,1631.T,銀行,▼ SHORT,35710.0,35590.0,-0.336,60000.0,202.0,,
2026-05-26,8058.T,商社・卸売,▼ SHORT,5182.0,5124.0,-1.119,60000.0,672.0,,
2026-05-27,1630.T,小売,★ LONG,36200.0,36450.0,0.691,60000.0,414.0,,
2026-05-27,1617.T,食品,★ LONG,45740.0,45330.0,-0.896,60000.0,-538.0,,
2026-05-27,1621.T,医薬品,★ LONG,29980.0,29655.0,-1.084,60000.0,-650.0,,
2026-05-27,1627.T,電力・ガス,★ LONG,11790.0,11495.0,-2.502,60000.0,-1501.0,,
2026-05-27,1626.T,情報通信・サービス,★ LONG,43620.0,43480.0,-0.321,60000.0,-193.0,,
2026-05-27,1624.T,機械,▼ SHORT,87000.0,86930.0,-0.08,60000.0,48.0,,
2026-05-27,1631.T,銀行,▼ SHORT,35280.0,34990.0,-0.822,60000.0,493.0,,
2026-05-27,1618.T,エネルギー資源,▼ SHORT,33490.0,34140.0,1.941,60000.0,-1165.0,,
2026-05-27,8058.T,商社・卸売,▼ SHORT,5067.0,5038.0,-0.572,60000.0,343.0,,
2026-05-28,1617.T,食品,★ LONG,45200.0,45500.0,0.664,60000.0,398.0,,
2026-05-28,1630.T,小売,★ LONG,36610.0,37340.0,1.994,60000.0,1196.0,,
2026-05-28,1621.T,医薬品,★ LONG,29970.0,30180.0,0.701,60000.0,420.0,,
2026-05-28,1627.T,電力・ガス,★ LONG,11595.0,11665.0,0.604,60000.0,362.0,,
2026-05-28,1620.T,素材・化学,★ LONG,38860.0,39300.0,1.132,60000.0,679.0,,
2026-05-28,1624.T,機械,▼ SHORT,86970.0,87470.0,0.575,60000.0,-345.0,,
2026-05-28,1631.T,銀行,▼ SHORT,34650.0,35140.0,1.414,60000.0,-848.0,,
2026-05-28,1618.T,エネルギー資源,▼ SHORT,33600.0,34020.0,1.25,60000.0,-750.0,,
2026-05-28,8058.T,商社・卸売,▼ SHORT,5000.0,5065.0,1.3,60000.0,-780.0,,
2026-05-29,1618.T,エネルギー資源,★ LONG,33910.0,32850.0,-3.126,169550.0,-5300.0,-750.0,実約定
2026-05-29,8058.T,商社・卸売,★ LONG,4972.0,4921.0,-1.026,497200.0,-5100.0,-200.0,実約定
2026-05-29,1631.T,銀行,★ LONG,35140.0,34990.0,-0.427,175700.0,-750.0,-150.0,実約定
2026-05-29,1624.T,機械,★ LONG,87750.0,85380.0,-2.701,175500.0,-4740.0,-460.0,実約定
2026-05-29,1622.T,自動車・輸送機,★ LONG,34240.0,33310.0,-2.716,171200.0,-4650.0,1100.0,実約定
2026-05-29,1627.T,電力・ガス,▼ SHORT,11480.0,,,195160.0,,,決済未了
2026-05-29,1621.T,医薬品,▼ SHORT,29800.0,,,178800.0,,,決済未了
2026-05-29,1630.T,小売,▼ SHORT,,,,,,,発注失敗
